ID,role,username,passworddb,token
20000001,student,JimmyDelacruz,e8Ay8Qw7,
20000002,student,CassandraPerkins,e5ApBOGl,
20000003,student,JudithJohnson,C4jX6AEh,
20000004,student,SamuelCarter,b50uIJni,
20000005,student,StacySwanson,S3Nh52Sg,
20000006,student,StevenKing,15YlG38v,
20000007,student,HeidiThomas,S6OLabIL,
20000008,student,PeterCarter,57T3KnTd,
20000009,student,KarenMorris,96BctSmO,
20000010,student,KimberlyGarner,uE3HI5Ct,
20000011,student,CarlaGonzalez,j97DXpcI,
20000012,student,TroyBell,9SR30UAy,
20000013,student,CharlesWilliams,4JbzunbM,
20000014,student,PhilipDavis,7Nmtu5tV,
20000015,student,KevinHowe,Dv97BZ2j,
20000016,student,CalvinAndrews,4l3PwMes,
20000017,student,PatriciaMyers,AM7CfyLi,
20000018,student,KellyBaker,5DgMzvsC,
20000019,student,DarrenRogers,984Gdwvi,
20000020,student,DavidMoreno,BW8ArJve,
20000021,student,ThomasNewton,3EU7K3fa,
20000022,student,ClaireThomas,1e5HpXmB,
20000023,student,AngelMitchell,p7sKwYDJ,
20000024,student,TimothyMiller,O4Rd4DYk,
20000025,student,ErinShah,V3h1yBh9,
20000026,student,AmandaJones,4rNUAhEn,
20000027,student,JeremyRamirez,0C0aCvia,
20000028,student,JoannCurtis,cH6U2D5q,
20000029,student,VirginiaWaller,1nM9xlaf,
20000030,student,JohnBaker,e58DcetY,
20000031,student,BrianSmith,h4fItGoy,
20000032,student,MelissaHolt,nj5XQQHk,
20000033,student,JacquelineFowler,4x3oUWra,
20000034,student,DeannaIbarra,Ot33jCNr,
20000035,student,HeatherOliver,b247InE1,
20000036,student,JenniferSanchez,cSz52Bpx,
20000037,student,JohnBryant,rlh0OZOg,
20000038,student,LindseyYoung,6aEmWRXs,
20000039,student,SandraAnderson,9CK8wBiT,
20000040,student,BrianEllis,Lan7ATis,
20000041,student,CaitlinSchaefer,27N9SDrp,
20000042,student,JasonWilson,EEz5lP8f,
20000043,student,StephanieCooper,P839QF4n,
20000044,student,DiamondDean,4OmigwiL,
20000045,student,KevinMarshall,MT1Ar6DP,
20000046,student,AustinKline,D84DjHcr,
20000047,student,SamanthaLopez,4mWT3jet,
20000048,student,Ms.NancyPorter,cAf8H4lh,
20000049,student,LatashaCastillo,9RkXnxUq,
20000050,student,DavidLopez,R6MwKyJ0,
20000051,student,JordanMorgan,Q6MOVftK,
20000052,student,MichaelPetersen,7HddQIoh,
20000053,student,KristenSolomon,u28cIRia,
20000054,student,MicheleBrock,13ZKSxey,
20000055,student,LisaPeterson,4sYnnRw0,
20000056,student,BonnieOrtiz,63HoYTue,
20000057,student,DanielThompson,8Zpuq7ig,
20000058,student,DanielRios,45W42hx0,
20000059,student,LaurenPeterson,gdR9DdCp,
20000060,student,JamieLopez,I78sSotf,
20000061,student,FranciscoMeyer,3O5Xdsyo,
20000062,student,JoseGray,06DF9it9,
20000063,student,MonicaGonzales,EIT62SCl,
20000064,student,MeganSavage,3QoTNblc,
20000065,student,MaryRios,9IfbuXpg,
20000066,student,EricMitchell,Qu33G6Ci,
20000067,student,ShariKing,W6Csw7w8,
20000068,student,MatthewRoss,u15I97w3,
20000069,student,KrystalTurner,oC1l0ImQ,
20000070,student,AngelaYoung,T5uRXmdF,
20000071,student,ChelseaColeman,8JepuWyN,
20000072,student,JenniferEverett,r9UxPfwe,
20000073,student,StephenFlowers,E3aMMdnz,
20000074,student,JoseClark,m0fKVR4k,
20000075,student,RubenRoberts,2tTk8Sdu,
20000076,student,AnnaGrant,2iQjORPs,
20000077,student,AshleyErickson,J5NlMpps,
20000078,student,FernandoBell,2VTA0wwa,
20000079,student,JeffreyAcosta,e8SrUoVz,
20000080,student,RobinMartinez,li99Liad,
20000081,student,JoelByrd,o7KXRyab,
20000082,student,DavidCarter,3IQOGgrz,
20000083,student,MarcusMcintosh,pkl4StdE,
20000084,student,RobertThompson,T42HmLQq,
20000085,student,MarkMyers,SS1ZoH6h,
20000086,student,JenniferSims,F8ZXI9Nw,
20000087,student,RobertMorris,X4BmSDhs,
20000088,student,HeidiSchmidt,2YMVoFpJ,
20000089,student,MariaCalderon,IUT1cUzl,
20000090,student,ToddRobinson,B0ENUciQ,
20000091,student,LindaStrong,0LNx0ntZ,
20000092,student,ErinThompson,5ESZVj6a,
20000093,student,AnnaMahoney,T8apIHup,
20000094,student,DebraBrown,4kLLnIkN,
20000095,student,MatthewYu,2DSZuUJt,
20000096,student,DebraArnold,27WYbOyx,
20000097,student,StacyValdez,9CQi0Tf1,
20000098,student,Dr.ThomasRivers,3SfxUisJ,
20000099,student,NathanielSnyder,SeTB63Xq,
20000100,student,TheresaMoon,Isr03OEw,
1,faculty,MichaelRivera,2Ux11wFf,
2,faculty,MalikJohnson,5S0OoCii,
3,faculty,AnthonyBooth,zqb5TVxI,
4,faculty,ReneeNorman,7OwCj9kt,
5,faculty,JosephGomez,7zIaILry,
6,faculty,KellyHenson,GDu6lxUa,
7,faculty,CharlesTaylor,ziRW0Rs8,
8,faculty,JimmyCooper,g7nSEa7s,
9,faculty,DanaTerry,13nWNSsQ,
10,faculty,AmberAlexander,86kDRZqx,
11,faculty,BarbaraPreston,Yb6COd8p,
12,faculty,LisaWalter,8KB4hyeO,
13,faculty,AndrewKing,1PectAnh,
14,faculty,MasonCohen,A4DpoeEe,
15,faculty,ReneeEvans,KhQh0DmD,
16,faculty,BruceWeaver,3QtePIza,
17,faculty,RubenBerg,A3WI2Tgf,
18,faculty,BillyJones,14JVJdBY,
19,faculty,NancyCastro,ac0Nb2UV,
20,faculty,PamelaButler,28WXcRwG,
21,faculty,PatriciaMorris,9hmccsIs,
22,faculty,AnnaReyes,I4o3E7av,
23,faculty,JasonJohnson,9GGBmeIi,
24,faculty,StephanieRandall,0HaFVUwX,
25,faculty,AshleyKane,ph6A3FCd,
26,faculty,TimothyPratt,t1NMvD7h,
27,faculty,CaitlynJones,Il9iH4Mh,
28,faculty,CodyRodriguez,E4QEVbNa,
29,faculty,TamaraArnold,6BO2ZbiS,
30,faculty,SharonThompson,2CHeZ7xx,
31,faculty,PaulGonzales,8TAxVoSe,
32,faculty,JustinHoward,e1lMWhIp,
33,faculty,AmyWest,7ARsnnEq,
34,faculty,ValerieFischer,V6FJ5UuN,
35,faculty,ChristineGlover,m2CBtbi9,
36,faculty,KarenRice,hP1ZIjmW,
37,faculty,MartinRose,Jv4VDKwa,
38,faculty,JamesCampbell,3BbRaDR5,
39,faculty,NancyRobinson,r8Vil9TK,
40,faculty,LisaSmith,5iPLF9ks,
41,faculty,SethFernandez,PoLF2hLc,
42,faculty,AdamYang,tR3XHCn5,
43,faculty,RachelKing,3UUEr5ca,
44,faculty,RachelMiller,7bwZy5uh,
45,faculty,AndrewEstrada,9mlOIF9n,
46,faculty,KennethGonzalez,Q43Fvhi6,
47,faculty,BradyConley,4OW9SxUh,
48,faculty,JimChapman,VSK5Q1y9,
49,faculty,JenniferAdams,7S5pWvu0,
50,faculty,AnnaColon,53Unun0X,
51,faculty,ChristopherBurke,T7lHmYwn,
52,faculty,DeniseKoch,A14rAmel,
53,faculty,RhondaJohnson,3kqK6Bws,
54,faculty,TonyRivera,kY9V62dy,
55,faculty,MichealMurphy,mqYuQ9Ll,
56,faculty,RobertDickerson,jB2ULmnH,
57,faculty,AliciaSmith,cLU2Pb3f,
58,faculty,JonathonGregory,8FWN2Qfd,
59,faculty,ChrisManning,E2hPCj77,
60,faculty,ErinCaldwell,awn59Lkw,
61,faculty,MichelleCook,I4XsXGks,
62,faculty,JoseHowell,3VJYwT1q,
63,faculty,CoryShea,4Jh7Wd4f,
64,faculty,JeffreyHenry,X4V8UGJi,
65,faculty,KimCrawford,f8RVmBXx,
66,faculty,AmyJones,NH8Zpr2v,
67,faculty,EricaCampbell,au29JXnT,
68,faculty,CarlosSullivan,l3xycX3i,
69,faculty,ChristinaMiranda,5WVcsj2K,
70,faculty,LisaEdwards,N5StUZcu,
71,faculty,JodiHuffman,Dt7AOOEc,
72,faculty,PhillipLee,4AWpInfN,
73,faculty,EdwardLopez,3yNKMHyA,
74,faculty,DanielleSmith,XU858hRj,
75,faculty,JamesLopez,lV7Hb5oY,
76,faculty,ShelbyMejia,Yu1gFwFb,
77,faculty,ShaneMorris,zzq9vTis,
78,faculty,WilliamYoung,tc1SgFxL,
79,faculty,BethanyBranch,PO3zXwzh,
80,faculty,AbigailWhite,kG8dwFpf,
81,faculty,DerekMiles,PbUq4ZQd,
82,faculty,Dr.RaymondJohnson,4AeyXou9,
83,faculty,KimberlyMalone,0UnfaKfm,
84,faculty,LisaHill,8Taz7ihE,
85,faculty,JosephPatel,8NlgQxvY,
86,faculty,AmandaMacdonald,dj6RaHqU,
87,faculty,JessicaFlores,fX13VRCj,
88,faculty,KelseySanders,7NT8Vmut,
89,faculty,ScottHancock,s1UiHWcZ,
90,faculty,JenniferHurst,JV8HTrpq,
91,faculty,ThomasWaller,ve0eBVtP,
92,faculty,GraceColeman,P3zMAnIz,
93,faculty,AshleyMason,43YfiF6w,
94,faculty,LoriMiller,j0sXl8Ds,
95,faculty,JosephHarrell,maOK2MSx,
96,faculty,LoriCooper,1XXP4ifl,
97,faculty,BrendaMitchell,nqB4Ts58,
98,faculty,DonaldCastaneda,Vx8Gy1Hy,
99,faculty,RachelPayne,180JDGrW,
100,faculty,JonathanDillon,JnA5mGKi,
